{"Info":{"Creator":"KOP-C","Created":"2021-01-29T11:52:37.738013+01:00","CreatorVersion":"4.3.0.0"},"ConstantOverrideSinceAutoStart":"JKmqWZTCrU0WU/mW+qtr4izq9fhm//SV+b9KDM7HIWg=","ActualCycleTime":"jAee8H3jzAucGesXv+eQaWaju3KZx7Ag6TW46vsjlrcJK1CUV/S5d0G28/ix2JVX","ToolIdentifier":"NtkkAEQ9X5Enc5MfYIl9kW41/9s0komLVnzfPutBSAPtkHKKlkyPvzZ986oZKbV+Kwx0VES/QxPa3kfSII++iTxQB9FGnTV2KMMWAUhGu2mw9kJleFv8BtfH/BChFnLC","DateTime":"2021-01-29T10:52:37.7390134Z","MachineIdent":"C30-Spor_Jan","ProcessReportType":"Default","CurrentRecord":"Kontinuierlich both","PieceType":"Pinion","Flank":"Both","CurrentPiece":1,"MachineCompositionId":-637475143311797953,"ToolCompositionId":-637475143311797953}