{"Info":{"Creator":"KOP-C","Created":"2021-01-29T11:54:21.8173813+01:00","CreatorVersion":"4.3.0.0"},"ConstantOverrideSinceAutoStart":"wr1qH6v6f1jjTA3fbcBAL6vnD3TCVlrNGg1L07VeDRo=","ActualCycleTime":"6Tx6B+GJkSrTju+aen5LXpSUMl5nW+80ExSIjmwmM4P7X1/cgpCfShAjcBCtaJlG","ToolIdentifier":"cyq8colu09P3PzGqg5lr0JhezKcChf4PIIMESv6ZZg6UQxxyLO/0MGRXCNBS5fUaSqCsili9JTEVtf3ESGhsQjgqU8NuF8RUtGPSZxBz8wpHn9L9x+I0lW28a2fsfesl","DateTime":"2021-01-29T10:54:21.8173813Z","MachineIdent":"C30-Spor_Jan","ProcessReportType":"Default","CurrentRecord":"Kontinuierlich both","PieceType":"Pinion","Flank":"Both","CurrentPiece":1,"MachineCompositionId":-637475144180102419,"ToolCompositionId":-637475144180102419}