{"Info":{"Creator":"KOP-C","Created":"2021-01-29T11:53:21.9947581+01:00","CreatorVersion":"4.3.0.0"},"ConstantOverrideSinceAutoStart":"fWb5PY958Tb3IxZ+rY8/jiEBI3vVl+7KW6SfVjcRz9U=","ActualCycleTime":"bMJjiETWNhs0cuGtP6+Kzw8tuYu6klY+e9vPK+ag7823oNLUcUwQywxFmP6AUtGT","ToolIdentifier":"MmKjLgCNw34UmOnKrc/PRwFdiNPvlo8IjzKeGb7SNd+tH6x7zLYAecsbfp1qhmyqyTtW+W+pnDR7vOb9Q/ziZiv4COcFWqdt3m8nA6Il7SrWQxXn4TLNUtkE71I+dFEo","DateTime":"2021-01-29T10:53:21.9947581Z","MachineIdent":"C30-Spor_Jan","ProcessReportType":"Default","CurrentRecord":"Kontinuierlich both","PieceType":"Pinion","Flank":"Both","CurrentPiece":2,"MachineCompositionId":-637475143311797953,"ToolCompositionId":-637475143311797953}