{"Info":{"Creator":"KOP-C","Created":"2021-01-29T11:54:08.0629016+01:00","CreatorVersion":"4.3.0.0"},"ConstantOverrideSinceAutoStart":"op0GYUa10JHJwx+CHNAcxLgTa5NugFg17b5RjXXSaSM=","ActualCycleTime":"nSoAAyzlPPfUAr86ETT3mXWJxJO2pgp7ANLVXK3expRa3yLafGIbunSqlSMW/1b3","ToolIdentifier":"q3a7tGnDTnTuNC9M0PoQ+b34cL9UNHrWommtfZHvc91XPzF/S0hyPUxMG+5JF+OOe422C19v70yl9eyZSRUrBVFuwzOfbHCNzhfocPncZGatC3DK534vz3eqk9oUpe6e","DateTime":"2021-01-29T10:54:08.0629016Z","MachineIdent":"C30-Spor_Jan","ProcessReportType":"Default","CurrentRecord":"Kontinuierlich both","PieceType":"Pinion","Flank":"Both","CurrentPiece":0,"MachineCompositionId":-637475144180102419,"ToolCompositionId":-637475144180102419}